PLAYER_ID,RANK,PLAYER,TEAM,GP,MIN,FGM,FGA,FG_PCT,FG3M,FG3A,FG3_PCT,FTM,FTA,FT_PCT,OREB,DREB,REB,AST,STL,BLK,TOV,PTS,EFF
203954,1,Joel Embiid,PHI,68,33.8,9.8,19.6,0.499,1.4,3.7,0.371,9.6,11.8,0.814,2.1,9.6,11.7,4.2,1.1,1.5,3.1,30.6,33.9
203507,2,Giannis Antetokounmpo,MIL,67,32.9,10.3,18.6,0.553,1.1,3.6,0.293,8.3,11.4,0.722,2.0,9.6,11.6,5.8,1.1,1.4,3.3,29.9,35.0
1629029,3,Luka Doncic,DAL,65,35.4,9.9,21.6,0.457,3.1,8.8,0.353,5.6,7.5,0.744,0.9,8.3,9.1,8.7,1.2,0.6,4.5,28.4,29.8
1629027,4,Trae Young,ATL,76,34.9,9.4,20.3,0.46,3.1,8.0,0.382,6.6,7.3,0.904,0.7,3.1,3.7,9.7,0.9,0.1,4.0,28.4,27.2
201942,5,DeMar DeRozan,CHI,76,36.1,10.2,20.2,0.504,0.7,1.9,0.352,6.8,7.8,0.877,0.7,4.4,5.2,4.9,0.9,0.3,2.4,27.9,25.8
203999,6,Nikola Jokic,DEN,74,33.5,10.3,17.7,0.583,1.3,3.9,0.337,5.1,6.3,0.81,2.8,11.0,13.8,7.9,1.5,0.9,3.8,27.1,38.7
1628369,7,Jayson Tatum,BOS,76,35.9,9.3,20.6,0.453,3.0,8.6,0.353,5.3,6.2,0.853,1.1,6.9,8.0,4.4,1.0,0.6,2.9,26.9,25.9
1626164,8,Devin Booker,PHX,68,34.5,9.7,20.9,0.466,2.7,7.0,0.383,4.6,5.3,0.868,0.7,4.4,5.0,4.8,1.1,0.4,2.4,26.8,23.9
1628378,9,Donovan Mitchell,UTA,67,33.8,9.2,20.5,0.448,3.5,9.8,0.355,4.0,4.7,0.853,0.8,3.4,4.2,5.3,1.5,0.2,3.0,25.9,22.1
201939,10,Stephen Curry,GSW,64,34.5,8.4,19.1,0.437,4.5,11.7,0.38,4.3,4.7,0.923,0.5,4.7,5.2,6.3,1.3,0.4,3.2,25.5,24.4
1626157,11,Karl-Anthony Towns,MIN,74,33.4,8.7,16.4,0.529,2.0,4.9,0.41,5.2,6.3,0.822,2.6,7.2,9.8,3.6,1.0,1.1,3.1,24.6,28.2
203897,12,Zach LaVine,CHI,67,34.7,8.4,17.7,0.476,2.8,7.1,0.389,4.8,5.6,0.853,0.3,4.3,4.6,4.5,0.6,0.3,2.6,24.4,21.8
1627759,13,Jaylen Brown,BOS,66,33.6,8.7,18.4,0.473,2.5,7.0,0.358,3.7,4.8,0.758,0.8,5.3,6.1,3.5,1.1,0.3,2.7,23.6,21.0
1628368,14,De'Aaron Fox,SAC,59,35.3,8.7,18.5,0.473,1.3,4.2,0.297,4.4,5.9,0.75,0.4,3.5,3.9,5.6,1.2,0.4,2.8,23.2,20.2
1627783,15,Pascal Siakam,TOR,68,37.9,8.8,17.8,0.494,1.1,3.2,0.344,4.2,5.6,0.749,1.9,6.6,8.5,5.3,1.3,0.6,2.7,22.8,25.5
203468,16,CJ McCollum,NOP,62,34.6,8.6,18.8,0.46,2.9,7.6,0.388,1.9,2.7,0.682,0.9,3.5,4.3,5.1,1.1,0.4,2.0,22.1,20.0
201935,17,James Harden,PHI,65,37.2,6.3,15.3,0.41,2.3,6.9,0.33,7.2,8.2,0.877,0.8,6.8,7.7,10.3,1.3,0.6,4.4,22.0,27.4
1629636,18,Darius Garland,CLE,68,35.7,8.0,17.3,0.462,2.6,6.7,0.383,3.2,3.5,0.892,0.6,2.7,3.3,8.6,1.3,0.1,3.6,21.7,21.6
1630162,19,Anthony Edwards,MIN,72,34.3,7.6,17.3,0.441,3.0,8.4,0.357,3.1,3.9,0.786,0.9,3.9,4.8,3.8,1.5,0.6,2.6,21.3,18.8
1627749,20,Dejounte Murray,SAS,68,34.8,8.4,18.3,0.462,1.4,4.3,0.327,2.9,3.6,0.794,1.2,7.1,8.3,9.2,2.0,0.3,2.6,21.1,27.8
1629639,21,Tyler Herro,MIA,66,32.6,7.6,17.0,0.447,2.7,6.7,0.399,2.9,3.3,0.868,0.5,4.5,5.0,4.0,0.7,0.1,2.6,20.7,18.0
1627832,22,Fred VanVleet,TOR,65,37.9,6.8,16.9,0.403,3.7,9.9,0.377,3.0,3.4,0.874,0.7,3.8,4.4,6.7,1.7,0.5,2.6,20.3,20.6
1628970,23,Miles Bridges,CHA,80,35.5,7.5,15.2,0.491,1.9,5.8,0.331,3.3,4.2,0.802,1.1,5.9,7.0,3.8,0.9,0.8,1.9,20.2,22.2
1630163,24,LaMelo Ball,CHA,75,32.3,7.2,16.7,0.429,2.9,7.5,0.389,2.8,3.2,0.872,1.4,5.2,6.7,7.6,1.6,0.4,3.3,20.1,23.2
203944,25,Julius Randle,NYK,72,35.3,7.1,17.3,0.411,1.7,5.4,0.308,4.2,5.6,0.756,1.7,8.2,9.9,5.1,0.7,0.5,3.4,20.1,21.5
203114,26,Khris Middleton,MIL,66,32.4,6.8,15.5,0.443,2.5,6.6,0.373,3.9,4.4,0.89,0.6,4.8,5.4,5.4,1.2,0.3,2.9,20.1,20.3
1629628,27,RJ Barrett,NYK,70,34.5,7.0,17.1,0.408,2.0,5.8,0.342,4.1,5.8,0.714,0.9,4.9,5.8,3.0,0.6,0.2,2.2,20.0,15.8
1626179,28,Terry Rozier,CHA,73,33.7,7.1,16.0,0.444,3.0,8.1,0.374,2.1,2.4,0.852,0.8,3.5,4.3,4.5,1.3,0.3,1.3,19.3,19.1
1627734,29,Domantas Sabonis,SAC,62,34.5,7.1,12.5,0.573,0.6,2.0,0.312,4.0,5.4,0.741,3.2,8.9,12.1,5.2,1.0,0.4,3.1,18.9,27.8
1629673,30,Jordan Poole,GSW,76,30.0,6.2,13.9,0.448,2.8,7.6,0.364,3.2,3.5,0.925,0.4,3.0,3.4,4.0,0.8,0.3,2.5,18.5,16.6
201566,31,Russell Westbrook,LAL,78,34.3,7.0,15.8,0.444,1.0,3.4,0.298,3.4,5.1,0.667,1.4,6.0,7.4,7.1,1.0,0.3,3.8,18.5,19.9
1629018,32,Gary Trent Jr.,TOR,70,35.0,6.4,15.5,0.414,3.0,7.8,0.383,2.5,2.9,0.853,0.4,2.4,2.7,2.0,1.7,0.3,1.0,18.3,14.5
201950,33,Jrue Holiday,MIL,67,32.9,7.1,14.2,0.501,2.0,4.8,0.411,2.0,2.7,0.761,1.0,3.5,4.5,6.8,1.6,0.4,2.7,18.3,21.2
1630217,34,Desmond Bane,MEM,76,29.8,6.7,14.5,0.461,3.0,6.9,0.436,1.8,2.0,0.903,0.6,3.8,4.4,2.7,1.2,0.4,1.5,18.2,17.5
1626156,35,D'Angelo Russell,MIN,65,32.0,6.2,15.0,0.411,2.7,8.0,0.34,3.0,3.7,0.825,0.4,2.9,3.3,7.1,1.0,0.3,2.5,18.1,17.8
202711,36,Bojan Bogdanovic,UTA,69,30.9,6.1,13.4,0.455,2.6,6.8,0.387,3.2,3.8,0.858,0.8,3.4,4.3,1.7,0.5,0.0,1.7,18.1,15.0
1626174,37,Christian Wood,HOU,68,30.8,6.5,12.9,0.501,1.9,4.9,0.39,3.0,4.9,0.623,1.6,8.5,10.1,2.3,0.8,1.0,1.9,17.9,21.9
202685,38,Jonas Valanciunas,NOP,74,30.3,6.9,12.7,0.544,0.8,2.1,0.361,3.2,3.9,0.82,3.1,8.3,11.4,2.6,0.6,0.8,2.4,17.8,24.2
202696,39,Nikola Vucevic,CHI,73,33.1,7.5,15.8,0.473,1.4,4.5,0.314,1.3,1.7,0.76,1.9,9.1,11.0,3.2,1.0,1.0,1.9,17.6,23.2
1630178,40,Tyrese Maxey,PHI,75,35.3,6.4,13.3,0.485,1.8,4.1,0.427,2.8,3.3,0.866,0.3,2.9,3.2,4.3,0.7,0.4,1.2,17.5,17.7
1630595,41,Cade Cunningham,DET,64,32.6,6.7,16.1,0.416,1.8,5.7,0.314,2.2,2.6,0.845,0.9,4.6,5.5,5.6,1.2,0.7,3.7,17.4,16.9
1630224,42,Jalen Green,HOU,67,31.9,6.1,14.2,0.426,2.3,6.8,0.343,2.8,3.5,0.797,0.5,2.9,3.4,2.6,0.7,0.3,2.0,17.3,13.3
202699,43,Tobias Harris,PHI,73,34.8,6.8,14.0,0.482,1.4,3.8,0.367,2.3,2.8,0.842,1.1,5.7,6.8,3.5,0.6,0.6,1.6,17.2,19.4
203952,44,Andrew Wiggins,GSW,73,31.9,6.5,14.0,0.466,2.2,5.5,0.393,2.0,3.2,0.634,1.2,3.3,4.5,2.2,1.0,0.7,1.5,17.2,15.5
1629028,45,Deandre Ayton,PHX,58,29.5,7.6,12.0,0.634,0.1,0.3,0.368,1.8,2.4,0.746,2.6,7.7,10.2,1.4,0.7,0.7,1.6,17.2,23.7
1628398,46,Kyle Kuzma,WAS,66,33.4,6.4,14.2,0.452,1.9,5.7,0.341,2.4,3.3,0.712,1.1,7.4,8.5,3.5,0.6,0.9,2.6,17.1,19.4
1629640,47,Keldon Johnson,SAS,75,31.9,6.3,13.5,0.466,2.1,5.3,0.398,2.4,3.1,0.756,1.1,5.0,6.1,2.1,0.8,0.2,1.2,17.0,17.0
1627747,48,Caris LeVert,CLE,58,30.7,6.5,14.7,0.444,1.4,4.4,0.32,2.5,3.3,0.756,0.7,2.9,3.7,4.3,0.9,0.4,1.9,17.0,15.4
202704,49,Reggie Jackson,LAC,75,31.2,6.4,16.3,0.392,2.2,6.8,0.326,1.8,2.2,0.847,0.5,3.1,3.6,4.8,0.7,0.2,2.3,16.8,13.6
203084,50,Harrison Barnes,SAC,77,33.6,5.1,10.8,0.469,1.8,4.7,0.394,4.4,5.4,0.826,1.1,4.5,5.6,2.4,0.7,0.2,1.5,16.4,17.1
1630175,51,Cole Anthony,ORL,65,31.7,5.5,14.0,0.391,2.0,6.0,0.338,3.3,3.9,0.854,0.5,4.9,5.4,5.7,0.7,0.3,2.6,16.3,16.6
1628991,52,Jaren Jackson Jr.,MEM,78,27.3,5.5,13.3,0.415,1.6,5.1,0.319,3.6,4.4,0.823,1.5,4.3,5.8,1.1,0.9,2.3,1.7,16.3,16.2
1628973,53,Jalen Brunson,DAL,79,31.9,6.4,12.8,0.502,1.2,3.2,0.373,2.3,2.7,0.84,0.5,3.4,3.9,4.8,0.8,0.0,1.6,16.3,17.5
1630180,54,Saddiq Bey,DET,82,33.0,5.5,13.9,0.396,2.6,7.4,0.346,2.6,3.1,0.827,1.3,4.1,5.4,2.8,0.9,0.2,1.2,16.1,15.3
203903,55,Jordan Clarkson,UTA,79,27.1,5.9,14.1,0.419,2.4,7.6,0.318,1.8,2.2,0.828,0.8,2.6,3.5,2.5,0.8,0.2,1.6,16.0,12.8
1627741,56,Buddy Hield,IND,81,30.9,5.5,13.6,0.406,3.2,8.8,0.366,1.4,1.6,0.874,0.8,3.5,4.4,2.8,0.9,0.3,1.9,15.6,13.9
203497,57,Rudy Gobert,UTA,66,32.1,5.5,7.7,0.713,0.0,0.1,0.0,4.6,6.7,0.69,3.7,11.0,14.7,1.1,0.7,2.1,1.8,15.6,28.0
1629645,58,Kevin Porter Jr.,HOU,61,31.3,5.5,13.2,0.415,2.5,6.8,0.375,2.0,3.2,0.642,0.7,3.7,4.4,6.2,1.1,0.4,3.1,15.6,15.6
1630169,59,Tyrese Haliburton,IND,77,35.0,5.6,11.8,0.473,2.1,5.1,0.414,2.1,2.5,0.842,0.8,3.2,4.0,8.2,1.7,0.6,2.6,15.3,20.7
1630567,60,Scottie Barnes,TOR,74,35.4,6.2,12.6,0.492,0.8,2.6,0.301,2.1,2.9,0.735,2.6,4.9,7.5,3.5,1.1,0.7,1.8,15.3,19.1
1630532,61,Franz Wagner,ORL,79,30.7,5.8,12.3,0.468,1.2,3.4,0.354,2.4,2.8,0.863,1.1,3.4,4.5,2.9,0.9,0.4,1.5,15.2,15.4
203992,62,Bogdan Bogdanovic,ATL,63,29.3,5.4,12.6,0.431,2.7,7.3,0.368,1.5,1.8,0.843,0.5,3.5,4.0,3.1,1.1,0.2,1.1,15.1,14.9
1628976,63,Wendell Carter Jr.,ORL,62,29.9,5.8,11.0,0.525,1.1,3.5,0.327,2.3,3.3,0.691,2.2,8.2,10.5,2.8,0.6,0.7,1.9,15.0,21.3
203932,64,Aaron Gordon,DEN,75,31.7,5.8,11.1,0.52,1.2,3.5,0.335,2.3,3.1,0.743,1.7,4.2,5.9,2.5,0.6,0.6,1.8,15.0,16.7
203552,65,Seth Curry,BKN,64,33.3,5.6,11.5,0.487,2.5,5.8,0.422,1.3,1.5,0.872,0.3,2.8,3.1,3.6,0.8,0.2,1.7,15.0,15.0
1630596,66,Evan Mobley,CLE,69,33.8,6.1,12.0,0.508,0.3,1.3,0.25,2.4,3.7,0.663,2.1,6.2,8.3,2.5,0.8,1.7,1.9,15.0,19.2
1626162,67,Kelly Oubre Jr.,CHA,76,26.3,5.4,12.3,0.44,2.5,7.3,0.345,1.7,2.5,0.667,1.0,2.9,4.0,1.1,1.0,0.4,0.9,15.0,12.9
1628374,68,Lauri Markkanen,CLE,61,30.8,5.1,11.5,0.445,2.2,6.2,0.358,2.3,2.6,0.868,1.0,4.7,5.7,1.3,0.7,0.5,0.9,14.8,15.3
101108,69,Chris Paul,PHX,65,32.9,5.6,11.3,0.493,1.0,3.1,0.317,2.6,3.1,0.837,0.3,4.0,4.4,10.8,1.9,0.3,2.4,14.7,23.5
203115,70,Will Barton,DEN,71,32.1,5.5,12.6,0.438,2.2,6.1,0.365,1.4,1.8,0.803,0.6,4.2,4.8,3.9,0.8,0.4,1.8,14.7,15.3
1626171,71,Bobby Portis,MIL,72,28.2,5.8,12.1,0.479,1.8,4.7,0.393,1.2,1.6,0.752,2.5,6.6,9.1,1.2,0.7,0.7,1.3,14.6,18.4
1628969,72,Mikal Bridges,PHX,82,34.8,5.6,10.5,0.534,1.4,3.8,0.369,1.6,1.9,0.834,0.9,3.3,4.2,2.3,1.2,0.4,0.8,14.2,16.2
203095,73,Evan Fournier,NYK,80,29.5,5.0,12.1,0.417,3.0,7.7,0.389,1.0,1.4,0.708,0.4,2.2,2.6,2.1,1.0,0.3,1.3,14.1,11.3
1628370,74,Malik Monk,LAL,76,28.1,5.1,10.9,0.473,2.3,5.8,0.391,1.2,1.5,0.795,0.5,2.9,3.4,2.9,0.8,0.4,1.6,13.8,13.6
203915,75,Spencer Dinwiddie,DAL,67,29.6,4.6,11.0,0.416,1.7,4.9,0.339,2.9,3.8,0.774,0.7,3.5,4.2,5.2,0.7,0.2,1.6,13.7,15.1
201144,76,Mike Conley,UTA,72,28.6,4.8,11.0,0.435,2.3,5.8,0.408,1.8,2.3,0.796,0.7,2.4,3.0,5.3,1.3,0.3,1.7,13.7,15.3
201567,77,Kevin Love,CLE,74,22.5,4.4,10.3,0.43,2.5,6.4,0.392,2.2,2.7,0.838,1.2,6.1,7.2,2.2,0.4,0.2,1.3,13.6,16.0
203471,78,Dennis Schroder,HOU,64,28.7,4.9,11.3,0.431,1.3,3.9,0.344,2.5,2.9,0.853,0.5,2.8,3.3,4.6,0.8,0.1,2.2,13.5,13.4
1627751,79,Jakob Poeltl,SAS,68,29.0,6.0,9.8,0.618,0.0,0.0,1.0,1.4,2.8,0.495,3.9,5.5,9.3,2.8,0.7,1.7,1.6,13.5,21.2
200768,80,Kyle Lowry,MIA,63,33.9,4.4,10.0,0.44,2.3,6.1,0.377,2.3,2.8,0.851,0.5,4.0,4.5,7.5,1.1,0.3,2.7,13.4,18.1
2546,81,Carmelo Anthony,LAL,69,26.0,4.6,10.5,0.441,2.2,5.8,0.375,1.9,2.3,0.83,0.9,3.3,4.2,1.0,0.7,0.8,0.9,13.3,12.8
1628401,82,Derrick White,BOS,75,29.3,4.5,10.7,0.421,1.5,4.9,0.312,2.7,3.1,0.864,0.5,3.0,3.5,4.9,0.9,0.8,1.6,13.2,15.0
203484,83,Kentavious Caldwell-Pope,WAS,77,30.2,4.7,10.8,0.435,2.1,5.3,0.39,1.8,2.0,0.89,0.5,2.9,3.4,1.9,1.1,0.3,1.3,13.2,12.4
1626149,84,Montrezl Harrell,CHA,71,23.1,5.0,7.8,0.645,0.1,0.2,0.235,3.0,4.2,0.716,2.1,4.0,6.1,2.0,0.4,0.6,1.0,13.1,17.3
1629632,85,Coby White,CHI,61,27.5,4.6,10.6,0.433,2.2,5.8,0.385,1.3,1.5,0.857,0.3,2.7,3.0,2.9,0.5,0.2,1.1,12.7,11.8
1628420,86,Monte Morris,DEN,75,29.9,5.0,10.3,0.484,1.7,4.2,0.395,1.0,1.1,0.869,0.4,2.7,3.0,4.4,0.7,0.2,1.0,12.6,14.5
1629661,87,Cameron Johnson,PHX,66,26.2,4.2,9.2,0.46,2.5,5.9,0.425,1.5,1.7,0.86,0.6,3.5,4.1,1.5,0.9,0.2,0.7,12.5,13.3
1630170,88,Devin Vassell,SAS,71,27.3,4.6,10.8,0.427,1.9,5.4,0.361,1.2,1.4,0.838,0.6,3.7,4.3,1.9,1.1,0.6,0.8,12.3,12.9
1629022,89,Lonnie Walker IV,SAS,70,23.0,4.4,10.9,0.407,1.6,5.0,0.314,1.7,2.1,0.784,0.3,2.3,2.6,2.2,0.6,0.3,1.0,12.1,9.8
203935,90,Marcus Smart,BOS,71,32.3,4.2,10.1,0.418,1.7,5.1,0.331,2.0,2.5,0.793,0.6,3.2,3.8,5.9,1.7,0.3,2.2,12.1,15.1
1627736,91,Malik Beasley,MIN,79,25.0,4.2,10.8,0.391,3.0,8.1,0.377,0.6,0.8,0.817,0.3,2.5,2.9,1.5,0.5,0.2,0.5,12.1,9.9
1628989,92,Kevin Huerter,ATL,74,29.6,4.7,10.3,0.454,2.2,5.6,0.389,0.6,0.7,0.808,0.4,3.0,3.4,2.7,0.7,0.4,1.2,12.1,12.4
1628379,93,Luke Kennard,LAC,70,27.4,4.1,9.1,0.449,2.7,6.0,0.449,1.0,1.1,0.896,0.3,3.0,3.3,2.1,0.6,0.1,0.9,11.9,11.9
1628984,94,Devonte' Graham,NOP,76,28.4,3.9,10.7,0.363,2.5,7.4,0.341,1.6,1.8,0.843,0.5,1.8,2.3,4.2,0.9,0.2,1.4,11.9,10.9
1630256,95,Jae'Sean Tate,HOU,78,26.4,4.7,9.3,0.498,0.8,2.6,0.312,1.7,2.4,0.707,1.7,3.7,5.4,2.8,0.9,0.5,1.8,11.8,14.3
201568,96,Danilo Gallinari,ATL,66,25.3,3.9,9.0,0.434,1.7,4.5,0.381,2.1,2.4,0.904,0.5,4.1,4.7,1.5,0.4,0.2,0.6,11.7,12.6
202692,97,Alec Burks,NYK,81,28.6,3.5,9.0,0.391,1.9,4.8,0.404,2.7,3.3,0.822,0.6,4.3,4.9,3.0,1.0,0.3,1.1,11.7,13.7
1630558,98,Davion Mitchell,SAC,75,27.7,4.7,11.2,0.418,1.3,4.3,0.316,0.7,1.1,0.659,0.4,1.8,2.2,4.2,0.7,0.3,1.5,11.5,10.5
201988,99,Patty Mills,BKN,81,29.0,4.0,9.8,0.408,2.8,7.0,0.4,0.6,0.7,0.814,0.2,1.7,1.9,2.3,0.6,0.2,0.9,11.4,9.6
1630193,100,Immanuel Quickley,NYK,78,23.1,3.6,9.3,0.392,1.8,5.1,0.346,2.3,2.6,0.881,0.4,2.8,3.2,3.5,0.7,0.0,1.3,11.3,11.5
203914,101,Gary Harris,ORL,61,28.4,3.9,9.1,0.434,1.9,5.0,0.384,1.4,1.6,0.874,0.6,1.4,2.0,1.8,1.0,0.1,1.0,11.1,9.7
1628960,102,Grayson Allen,MIL,66,27.3,3.9,8.6,0.448,2.4,5.9,0.409,1.0,1.1,0.865,0.5,2.9,3.4,1.5,0.7,0.3,0.7,11.1,11.4
203991,103,Clint Capela,ATL,74,27.6,5.0,8.2,0.613,0.0,0.0,0.0,1.1,2.3,0.473,3.8,8.1,11.9,1.2,0.7,1.3,0.6,11.1,21.2
1627827,104,Dorian Finney-Smith,DAL,80,33.1,4.1,8.7,0.471,2.2,5.4,0.395,0.7,1.0,0.675,1.5,3.2,4.7,1.9,1.1,0.5,1.0,11.0,13.2
1628977,105,Hamidou Diallo,DET,58,21.9,4.5,9.1,0.496,0.4,1.6,0.247,1.6,2.4,0.65,1.2,3.6,4.8,1.3,1.2,0.3,1.0,11.0,12.1
1629130,106,Duncan Robinson,MIA,79,25.9,3.7,9.2,0.399,2.9,7.9,0.372,0.6,0.8,0.836,0.3,2.3,2.6,1.6,0.5,0.2,0.8,10.9,9.4
1629001,107,De'Anthony Melton,MEM,73,22.7,3.8,9.5,0.404,1.9,5.1,0.374,1.2,1.6,0.75,0.9,3.6,4.5,2.7,1.4,0.5,1.5,10.8,12.3
1629647,108,Darius Bazley,OKC,69,27.9,4.0,9.4,0.422,1.2,3.9,0.297,1.7,2.5,0.688,1.0,5.3,6.3,1.4,0.8,1.0,1.3,10.8,12.9
1626166,109,Cameron Payne,PHX,58,22.0,4.1,10.1,0.409,1.2,3.6,0.336,1.3,1.5,0.843,0.4,2.6,3.0,4.9,0.7,0.3,1.8,10.8,11.7
1629611,110,Terance Mann,LAC,81,28.6,4.1,8.5,0.484,0.9,2.6,0.365,1.6,2.0,0.78,1.3,4.0,5.2,2.6,0.7,0.3,1.0,10.8,13.7
1626224,111,Cedi Osman,CLE,66,22.2,3.7,8.7,0.432,1.9,5.4,0.357,1.3,2.0,0.664,0.4,1.8,2.2,2.0,0.8,0.2,1.0,10.7,9.3
1628964,112,Mo Bamba,ORL,71,25.7,4.2,8.7,0.48,1.5,4.0,0.381,0.8,1.0,0.781,2.1,6.0,8.1,1.2,0.5,1.7,1.1,10.6,16.3
1629638,113,Nickeil Alexander-Walker,UTA,65,22.6,3.9,10.5,0.372,1.6,5.2,0.311,1.2,1.7,0.743,0.6,2.3,2.9,2.4,0.7,0.4,1.4,10.6,8.6
1629622,114,Max Strus,MIA,68,23.3,3.7,8.3,0.441,2.7,6.5,0.41,0.6,0.8,0.792,0.4,2.6,3.0,1.4,0.4,0.2,0.8,10.6,9.9
1626168,115,Trey Lyles,SAC,75,20.5,3.5,7.5,0.466,0.9,2.8,0.321,2.6,3.2,0.802,1.2,3.9,5.1,1.2,0.4,0.4,1.0,10.5,11.9
1630544,116,Tre Mann,OKC,60,22.8,3.9,9.8,0.393,1.6,4.5,0.36,1.1,1.4,0.793,0.4,2.4,2.9,1.5,0.8,0.2,1.2,10.4,8.4
1629634,117,Brandon Clarke,MEM,64,19.5,4.5,7.0,0.644,0.1,0.3,0.227,1.3,2.0,0.654,2.1,3.2,5.3,1.3,0.6,1.1,0.5,10.4,15.0
1627826,118,Ivica Zubac,LAC,76,24.4,4.1,6.5,0.626,0.0,0.0,0.0,2.2,3.0,0.727,2.9,5.6,8.5,1.6,0.5,1.0,1.5,10.3,17.1
201145,119,Jeff Green,DEN,75,24.7,3.7,7.1,0.524,0.7,2.2,0.315,2.2,2.6,0.833,0.5,2.5,3.1,1.3,0.4,0.4,0.9,10.3,10.6
1629023,120,P.J. Washington,CHA,65,27.2,3.8,8.2,0.47,1.7,4.6,0.365,0.9,1.2,0.716,1.3,3.9,5.2,2.3,0.9,0.9,1.3,10.3,13.6
1626196,121,Josh Richardson,SAS,65,24.6,3.6,8.2,0.438,1.6,3.8,0.415,1.5,1.7,0.889,0.6,2.2,2.8,1.8,0.9,0.4,1.0,10.2,10.4
203463,122,Ben McLemore,POR,64,20.1,3.4,8.4,0.401,2.4,6.5,0.362,1.1,1.4,0.818,0.2,1.4,1.6,0.9,0.6,0.2,0.9,10.2,7.4
201143,123,Al Horford,BOS,69,29.1,3.9,8.2,0.467,1.3,3.8,0.336,1.2,1.4,0.842,1.6,6.1,7.7,3.4,0.7,1.3,0.9,10.2,17.7
203200,124,Justin Holiday,SAC,74,27.8,3.5,8.9,0.394,2.4,6.5,0.367,0.7,0.8,0.806,0.4,2.2,2.6,1.7,0.8,0.4,0.9,10.1,9.1
1630538,125,Bones Hyland,DEN,69,19.0,3.3,8.3,0.403,1.9,5.2,0.366,1.6,1.8,0.856,0.2,2.5,2.7,2.8,0.6,0.3,1.2,10.1,10.0
1629726,126,Garrison Mathews,HOU,65,26.3,2.8,7.1,0.399,2.1,5.9,0.36,2.2,2.8,0.794,0.5,2.4,2.9,1.0,0.9,0.4,0.6,10.0,9.7
203082,127,Terrence Ross,ORL,63,23.0,3.5,8.8,0.397,1.2,4.2,0.292,1.8,2.1,0.862,0.3,2.2,2.6,1.8,0.4,0.2,1.2,10.0,8.2
1629057,128,Robert Williams III,BOS,61,29.6,4.4,6.0,0.736,0.0,0.0,0.0,1.1,1.5,0.722,3.9,5.7,9.6,2.0,0.9,2.2,1.0,10.0,21.7
1629659,129,Talen Horton-Tucker,LAL,60,25.2,3.7,9.0,0.416,0.8,3.0,0.269,1.7,2.1,0.8,0.6,2.6,3.2,2.7,1.0,0.5,1.4,10.0,10.3
1626192,130,Pat Connaughton,MIL,65,26.0,3.5,7.6,0.458,2.2,5.7,0.395,0.7,0.8,0.833,0.7,3.5,4.2,1.3,0.9,0.2,0.5,9.9,11.7
1630578,131,Alperen Sengun,HOU,72,20.7,3.5,7.3,0.474,0.4,1.6,0.248,2.3,3.2,0.711,1.9,3.5,5.5,2.6,0.8,0.9,2.0,9.6,12.6
1630529,132,Herbert Jones,NOP,78,29.9,3.5,7.4,0.476,0.7,2.2,0.337,1.8,2.1,0.84,1.3,2.5,3.8,2.1,1.7,0.8,1.3,9.5,12.4
203109,133,Jae Crowder,PHX,67,28.1,3.2,8.1,0.399,1.9,5.4,0.348,1.1,1.3,0.789,0.4,4.8,5.3,1.9,1.4,0.4,0.8,9.4,12.4
1628449,134,Chris Boucher,TOR,80,21.1,3.4,7.2,0.464,0.9,2.9,0.297,1.9,2.4,0.777,2.2,3.9,6.2,0.3,0.6,0.9,0.5,9.4,12.5
1629655,135,Daniel Gafford,WAS,72,20.1,4.0,5.7,0.693,0.0,0.0,0.0,1.5,2.1,0.699,2.2,3.5,5.7,0.9,0.4,1.4,0.9,9.4,14.5
1629637,136,Jaxson Hayes,NOP,70,20.0,3.5,5.7,0.616,0.3,0.8,0.351,2.1,2.7,0.766,1.6,2.9,4.5,0.6,0.5,0.8,0.8,9.3,12.1
1630228,137,Jonathan Kuminga,GSW,70,16.9,3.4,6.6,0.513,0.7,2.1,0.336,1.9,2.7,0.684,0.8,2.6,3.3,0.9,0.4,0.3,1.1,9.3,9.2
1630183,138,Jaden McDaniels,MIN,70,25.8,3.6,7.9,0.46,1.1,3.6,0.317,0.8,1.0,0.803,1.1,3.1,4.2,1.1,0.7,0.8,1.1,9.2,10.5
1627777,139,Georges Niang,PHI,76,22.8,3.2,7.4,0.437,2.1,5.1,0.403,0.7,0.8,0.881,0.3,2.3,2.7,1.3,0.4,0.2,0.8,9.2,8.8
201976,140,Patrick Beverley,MIN,58,25.4,3.1,7.5,0.406,1.4,4.2,0.343,1.7,2.3,0.722,1.1,3.1,4.1,4.6,1.2,0.9,1.3,9.2,13.6
201580,141,JaVale McGee,PHX,74,15.8,3.9,6.2,0.629,0.0,0.1,0.222,1.4,2.0,0.699,2.2,4.5,6.7,0.6,0.3,1.1,1.3,9.2,13.6
1628997,142,Caleb Martin,MIA,60,22.9,3.5,6.8,0.507,1.1,2.6,0.413,1.2,1.6,0.763,1.2,2.7,3.8,1.1,1.0,0.5,0.9,9.2,11.0
1629052,143,Oshae Brissett,IND,67,23.3,3.1,7.6,0.411,1.2,3.5,0.35,1.7,2.4,0.695,1.6,3.7,5.3,1.1,0.7,0.4,0.8,9.1,10.7
1630173,144,Precious Achiuwa,TOR,73,23.6,3.6,8.3,0.439,0.8,2.1,0.359,1.1,1.8,0.595,2.0,4.5,6.5,1.1,0.5,0.6,1.2,9.1,11.3
1630167,145,Obi Toppin,NYK,72,17.1,3.5,6.6,0.531,0.7,2.3,0.308,1.3,1.7,0.758,1.0,2.8,3.7,1.1,0.3,0.5,0.8,9.0,10.3
1628971,146,Bruce Brown,BKN,72,24.6,3.6,7.0,0.506,0.5,1.3,0.404,1.3,1.8,0.758,1.4,3.4,4.8,2.1,1.1,0.7,0.8,9.0,12.9
1629599,147,Amir Coffey,LAC,69,22.7,3.1,6.8,0.453,1.4,3.7,0.378,1.5,1.7,0.863,0.4,2.5,2.9,1.8,0.6,0.2,0.7,9.0,9.8
1629021,148,Moritz Wagner,ORL,63,15.2,3.1,6.3,0.497,1.0,3.2,0.328,1.7,2.0,0.806,0.7,3.0,3.7,1.4,0.3,0.2,0.9,9.0,10.1
1629002,149,Chimezie Metu,SAC,60,21.3,3.4,7.5,0.452,1.0,3.1,0.306,1.2,1.5,0.78,0.6,5.0,5.6,1.0,0.9,0.5,1.0,8.9,11.4
1627854,150,Bryn Forbes,DEN,75,17.1,3.1,7.2,0.429,1.6,3.9,0.414,1.1,1.2,0.908,0.1,1.1,1.2,1.0,0.3,0.1,0.7,8.8,6.5
1630245,151,Ayo Dosunmu,CHI,77,27.4,3.6,6.9,0.52,0.9,2.4,0.376,0.7,1.0,0.679,0.4,2.4,2.8,3.3,0.8,0.4,1.4,8.8,11.0
1630231,152,Kenyon Martin Jr.,HOU,79,21.0,3.5,6.6,0.533,0.8,2.1,0.357,1.0,1.6,0.634,1.0,2.7,3.8,1.3,0.4,0.5,0.8,8.8,10.4
1630171,153,Isaac Okoro,CLE,67,29.6,3.1,6.4,0.48,0.8,2.3,0.35,1.8,2.3,0.768,1.1,1.9,3.0,1.8,0.8,0.3,0.9,8.8,10.0
203939,154,Dwight Powell,DAL,82,21.9,3.3,4.9,0.671,0.2,0.5,0.351,2.0,2.6,0.783,2.1,2.8,4.9,1.2,0.5,0.5,0.8,8.7,12.8
1629216,155,Gabe Vincent,MIA,68,23.4,3.1,7.5,0.417,1.8,4.8,0.368,0.6,0.8,0.815,0.3,1.5,1.9,3.1,0.9,0.2,1.4,8.7,8.7
1626145,156,Tyus Jones,MEM,73,21.2,3.4,7.6,0.451,1.1,2.8,0.39,0.7,0.9,0.818,0.2,2.2,2.4,4.4,0.9,0.0,0.6,8.7,11.5
1629643,157,Chuma Okeke,ORL,70,25.0,3.1,8.2,0.376,1.7,5.3,0.318,0.8,0.9,0.846,0.7,4.3,5.0,1.7,1.4,0.6,0.8,8.6,11.2
203493,158,Reggie Bullock,DAL,68,28.0,3.0,7.4,0.401,2.1,5.8,0.36,0.6,0.7,0.833,0.5,3.1,3.5,1.2,0.6,0.2,0.6,8.6,9.0
1630560,159,Cam Thomas,BKN,67,17.6,3.3,7.5,0.433,0.7,2.6,0.27,1.3,1.6,0.829,0.2,2.2,2.4,1.2,0.5,0.1,0.8,8.5,7.3
203496,160,Robert Covington,LAC,71,27.3,2.9,7.0,0.42,1.8,4.8,0.378,0.8,1.0,0.841,0.8,4.7,5.5,1.3,1.5,1.3,1.1,8.5,12.8
1629669,161,Jaylen Nowell,MIN,62,15.7,3.2,6.7,0.475,1.0,2.6,0.394,1.2,1.5,0.783,0.4,1.6,2.0,2.1,0.4,0.2,0.6,8.5,8.8
1629011,162,Mitchell Robinson,NYK,72,25.7,3.6,4.8,0.761,0.0,0.0,0.0,1.2,2.5,0.486,4.1,4.5,8.6,0.5,0.8,1.8,0.8,8.5,17.0
1630166,163,Deni Avdija,WAS,82,24.2,3.0,7.1,0.432,1.0,3.2,0.317,1.3,1.7,0.757,0.6,4.5,5.2,2.0,0.7,0.5,1.1,8.4,11.4
201587,164,Nicolas Batum,LAC,59,24.8,3.0,6.6,0.463,1.8,4.6,0.4,0.4,0.6,0.658,0.5,3.8,4.3,1.7,1.0,0.7,0.7,8.3,11.6
1629013,165,Landry Shamet,PHX,69,20.8,2.8,7.0,0.394,1.8,4.8,0.368,1.0,1.2,0.84,0.2,1.6,1.8,1.6,0.4,0.1,0.6,8.3,7.2
1630191,166,Isaiah Stewart,DET,71,25.6,3.5,6.9,0.51,0.2,0.6,0.326,1.0,1.5,0.718,3.2,5.5,8.7,1.2,0.3,1.1,1.2,8.3,14.6
1628392,167,Isaiah Hartenstein,LAC,68,17.9,3.4,5.4,0.626,0.2,0.4,0.467,1.3,1.9,0.689,1.7,3.2,4.9,2.4,0.7,1.1,1.2,8.3,13.5
1629675,168,Naz Reid,MIN,77,15.8,3.0,6.2,0.489,0.7,2.2,0.343,1.5,1.9,0.765,1.3,2.6,3.9,0.9,0.5,0.9,1.1,8.3,9.9
1630557,169,Corey Kispert,WAS,77,23.4,3.0,6.7,0.455,1.5,4.2,0.35,0.7,0.8,0.871,0.7,2.0,2.7,1.1,0.5,0.3,0.6,8.2,8.4
202355,170,Hassan Whiteside,UTA,65,17.9,3.3,5.1,0.652,0.0,0.0,0.0,1.6,2.6,0.623,2.6,5.0,7.6,0.4,0.3,1.6,0.8,8.2,14.6
203490,171,Otto Porter Jr.,GSW,63,22.2,3.1,6.6,0.464,1.3,3.4,0.37,0.8,1.0,0.803,1.4,4.4,5.7,1.5,1.1,0.5,0.6,8.2,12.6
1630533,172,Ziaire Williams,MEM,62,21.7,3.1,6.8,0.45,1.2,3.9,0.314,0.7,0.9,0.782,0.4,1.7,2.1,1.0,0.6,0.2,0.7,8.1,7.4
202709,173,Cory Joseph,DET,65,24.6,2.7,6.2,0.445,1.0,2.4,0.414,1.5,1.7,0.885,0.4,2.2,2.7,3.6,0.6,0.3,1.3,8.0,10.3
203083,174,Andre Drummond,BKN,73,19.7,3.4,5.9,0.57,0.0,0.0,0.0,1.2,2.2,0.524,3.1,6.2,9.3,1.8,1.1,0.9,1.6,7.9,15.9
1630528,175,Josh Christopher,HOU,74,18.0,3.0,6.8,0.448,0.8,2.6,0.296,1.1,1.5,0.735,0.7,1.8,2.5,2.0,0.9,0.2,1.5,7.9,7.9
1629670,176,Jordan Nwora,MIL,62,19.1,3.0,7.5,0.403,1.3,3.7,0.348,0.6,0.7,0.837,0.6,3.0,3.6,1.0,0.4,0.3,0.9,7.9,7.6
1629684,177,Grant Williams,BOS,77,24.4,2.7,5.6,0.475,1.4,3.4,0.411,1.1,1.2,0.905,0.8,2.7,3.6,1.0,0.5,0.7,0.8,7.8,9.8
1629234,178,Drew Eubanks,POR,71,17.5,3.1,5.2,0.596,0.1,0.3,0.217,1.4,1.8,0.762,1.8,3.5,5.4,1.2,0.4,0.6,1.1,7.7,11.6
1628998,179,Cody Martin,CHA,71,26.3,2.9,6.0,0.482,0.9,2.2,0.384,1.1,1.5,0.701,1.2,2.9,4.0,2.5,1.2,0.5,0.9,7.7,11.5
1630181,180,R.J. Hampton,ORL,64,21.9,2.7,7.1,0.383,1.0,2.9,0.35,1.2,1.8,0.641,0.4,2.7,3.0,2.5,0.7,0.2,1.4,7.6,7.6
1630197,181,Aleksej Pokusevski,OKC,61,20.2,3.0,7.5,0.408,0.9,3.2,0.289,0.6,0.8,0.7,1.2,4.0,5.2,2.1,0.6,0.6,1.5,7.6,10.0
1627788,182,Furkan Korkmaz,PHI,67,21.1,2.7,7.0,0.387,1.1,4.0,0.289,1.0,1.3,0.81,0.3,2.3,2.6,1.9,0.5,0.1,0.7,7.6,7.5
200782,183,P.J. Tucker,MIA,71,27.9,2.9,6.0,0.484,1.1,2.7,0.415,0.6,0.9,0.738,1.4,4.0,5.5,2.1,0.8,0.2,0.9,7.6,11.9
203937,184,Kyle Anderson,MEM,69,21.5,3.0,6.8,0.446,0.5,1.6,0.33,1.0,1.5,0.638,1.0,4.3,5.3,2.7,1.1,0.7,1.0,7.6,12.0
203526,185,Raul Neto,WAS,70,19.6,2.9,6.3,0.463,0.5,1.7,0.292,1.2,1.5,0.769,0.2,1.7,1.9,3.1,0.8,0.0,1.1,7.5,8.5
1627814,186,Damion Lee,GSW,63,20.0,2.7,6.1,0.441,1.0,3.0,0.337,1.0,1.2,0.88,0.4,2.8,3.2,1.0,0.6,0.1,0.6,7.4,8.2
1626220,187,Royce O'Neale,UTA,77,31.2,2.6,5.8,0.457,1.5,4.0,0.389,0.6,0.7,0.804,0.8,3.9,4.8,2.5,1.1,0.4,1.0,7.4,11.9
1630559,188,Austin Reaves,LAL,61,23.2,2.4,5.2,0.459,0.9,2.7,0.317,1.6,1.9,0.839,0.7,2.4,3.2,1.8,0.5,0.3,0.7,7.3,9.3
1627752,189,Taurean Prince,MIN,69,17.1,2.6,5.7,0.454,1.2,3.3,0.376,0.9,1.2,0.756,0.4,2.1,2.5,1.0,0.7,0.3,0.8,7.3,7.7
1629750,190,Javonte Green,CHI,65,23.4,2.7,5.0,0.542,0.6,1.6,0.356,1.2,1.5,0.833,1.4,2.8,4.2,0.9,1.0,0.5,0.5,7.2,10.9
1627780,191,Gary Payton II,GSW,71,17.6,3.0,4.8,0.616,0.6,1.7,0.358,0.5,0.8,0.603,1.0,2.5,3.5,0.9,1.4,0.3,0.6,7.1,10.4
1628467,192,Maxi Kleber,DAL,59,24.6,2.4,6.0,0.398,1.4,4.3,0.325,0.8,1.1,0.708,1.2,4.7,5.9,1.2,0.5,1.0,0.8,7.0,10.8
203500,193,Steven Adams,MEM,76,26.3,2.8,5.1,0.547,0.0,0.0,0.0,1.4,2.6,0.543,4.6,5.4,10.0,3.4,0.9,0.8,1.5,6.9,17.0
1629020,194,Jarred Vanderbilt,MIN,74,25.4,2.9,4.9,0.587,0.0,0.2,0.143,1.2,1.8,0.656,2.9,5.5,8.4,1.3,1.3,0.6,1.0,6.9,15.0
1630165,195,Killian Hayes,DET,66,25.0,2.7,7.0,0.383,0.7,2.5,0.263,0.9,1.1,0.77,0.5,2.6,3.2,4.2,1.2,0.5,1.7,6.9,9.7
1628470,196,Torrey Craig,PHX,78,20.5,2.6,5.7,0.454,1.0,3.0,0.329,0.5,0.7,0.75,1.1,2.9,4.0,1.2,0.6,0.5,0.9,6.6,8.7
203486,197,Mason Plumlee,CHA,73,24.6,2.8,4.4,0.641,0.0,0.0,0.0,0.9,2.3,0.392,2.4,5.3,7.7,3.1,0.8,0.7,1.4,6.5,14.5
203210,198,JaMychal Green,DEN,67,16.2,2.4,4.9,0.486,0.5,1.9,0.266,1.2,1.4,0.871,1.2,3.0,4.2,0.9,0.6,0.4,0.9,6.4,9.0
202340,199,Avery Bradley,LAL,62,22.7,2.4,5.6,0.423,1.3,3.4,0.39,0.3,0.3,0.889,0.5,1.7,2.2,0.8,0.9,0.1,0.6,6.4,6.4
1628988,200,Aaron Holiday,PHX,63,16.2,2.4,5.4,0.447,0.6,1.6,0.379,0.9,1.1,0.868,0.4,1.6,1.9,2.4,0.7,0.1,1.1,6.3,7.3
202397,201,Ish Smith,WAS,65,17.3,2.8,6.6,0.43,0.4,1.0,0.373,0.2,0.4,0.625,0.4,1.8,2.2,3.8,0.7,0.4,1.2,6.3,8.2
203473,202,Dewayne Dedmon,MIA,67,15.9,2.4,4.3,0.566,0.3,0.7,0.404,1.1,1.5,0.75,1.6,4.2,5.8,0.7,0.4,0.6,1.0,6.3,10.4
1630202,203,Payton Pritchard,BOS,71,14.1,2.3,5.3,0.429,1.4,3.5,0.412,0.3,0.3,1.0,0.5,1.4,1.9,2.0,0.4,0.1,0.6,6.2,6.9
2730,204,Dwight Howard,LAL,60,16.2,2.2,3.7,0.612,0.1,0.3,0.533,1.6,2.4,0.658,2.0,4.0,5.9,0.6,0.6,0.6,0.8,6.2,10.9
202357,205,Nemanja Bjelica,GSW,71,16.1,2.3,4.8,0.468,0.8,2.1,0.362,0.8,1.1,0.728,0.9,3.3,4.1,2.2,0.6,0.4,1.2,6.1,9.3
1630205,206,Lamar Stevens,CLE,63,16.1,2.5,5.1,0.489,0.3,1.0,0.277,0.8,1.2,0.707,0.7,1.9,2.6,0.7,0.5,0.3,0.7,6.1,6.6
203085,207,Austin Rivers,DEN,67,22.1,2.2,5.2,0.417,1.2,3.4,0.342,0.5,0.7,0.727,0.3,1.4,1.7,1.3,0.8,0.1,0.8,6.0,5.9
1626172,208,Kevon Looney,GSW,82,21.1,2.5,4.4,0.571,0.0,0.0,0.0,0.9,1.5,0.6,2.5,4.7,7.3,2.0,0.6,0.6,0.8,6.0,13.2
1630200,209,Tre Jones,SAS,69,16.6,2.4,4.9,0.49,0.1,0.7,0.196,1.0,1.3,0.78,0.4,1.8,2.2,3.4,0.6,0.1,0.7,6.0,8.9
201980,210,Danny Green,PHI,62,21.8,2.0,5.2,0.394,1.7,4.4,0.38,0.2,0.2,0.786,0.5,2.0,2.5,1.0,1.0,0.6,0.7,5.9,7.1
1629604,211,CJ Elleby,POR,58,20.2,2.1,5.3,0.393,0.6,2.2,0.294,1.0,1.4,0.714,1.1,2.8,3.9,1.5,0.6,0.3,1.0,5.8,7.6
1629672,212,Eric Paschall,UTA,58,12.7,2.0,4.1,0.485,0.7,1.9,0.37,1.1,1.5,0.767,0.5,1.3,1.8,0.6,0.2,0.1,0.5,5.8,5.6
1629680,213,Matisse Thybulle,PHI,66,25.5,2.3,4.5,0.5,0.7,2.2,0.313,0.5,0.7,0.791,0.6,1.7,2.3,1.1,1.7,1.1,0.6,5.7,9.0
1628966,214,Keita Bates-Diop,SAS,59,16.2,2.3,4.5,0.517,0.3,0.9,0.309,0.8,1.0,0.754,1.1,2.9,3.9,0.7,0.5,0.2,0.8,5.7,7.8
201949,215,James Johnson,BKN,62,19.2,2.3,5.0,0.469,0.4,1.4,0.271,0.5,0.9,0.527,0.8,2.6,3.5,2.1,0.5,0.5,0.8,5.5,8.3
1630530,216,Trey Murphy III,NOP,62,13.9,1.8,4.5,0.394,1.1,3.0,0.382,0.7,0.8,0.882,0.8,1.6,2.4,0.6,0.4,0.1,0.3,5.4,5.8
202066,217,Garrett Temple,NOP,59,18.6,1.9,5.0,0.376,1.0,3.1,0.319,0.5,0.7,0.683,0.5,1.9,2.4,1.3,0.7,0.4,0.7,5.2,6.0
1630267,218,Facundo Campazzo,DEN,65,18.2,1.6,4.6,0.361,0.9,3.0,0.301,0.9,1.2,0.769,0.4,1.4,1.8,3.4,1.0,0.4,1.0,5.1,7.4
1629723,219,John Konchar,MEM,72,17.9,1.9,3.6,0.515,0.7,1.8,0.413,0.4,0.7,0.551,1.2,3.4,4.6,1.5,0.6,0.3,0.4,4.8,9.4
1630182,220,Josh Green,DAL,67,15.5,1.9,3.8,0.508,0.4,1.2,0.359,0.5,0.7,0.689,0.8,1.6,2.4,1.2,0.7,0.2,0.7,4.8,6.5
1626153,221,Delon Wright,ATL,77,18.9,1.6,3.5,0.454,0.6,1.5,0.379,0.7,0.8,0.857,0.6,2.2,2.9,2.4,1.2,0.2,0.6,4.4,8.6
1628972,222,Troy Brown Jr.,CHI,66,16.0,1.6,3.9,0.419,0.7,2.0,0.353,0.3,0.4,0.769,0.6,2.5,3.1,1.0,0.5,0.1,0.4,4.3,6.2
1628975,223,Jevon Carter,MIL,66,13.7,1.5,3.8,0.387,1.0,2.6,0.388,0.2,0.3,0.833,0.2,1.5,1.7,1.5,0.4,0.2,0.5,4.2,5.0
1628373,224,Frank Ntilikina,DAL,58,11.8,1.5,3.8,0.399,0.7,1.9,0.342,0.4,0.4,0.96,0.2,1.2,1.4,1.2,0.5,0.1,0.5,4.1,4.4
1629308,225,Juan Toscano-Anderson,GSW,73,13.6,1.6,3.2,0.489,0.4,1.2,0.322,0.5,1.0,0.571,0.4,2.0,2.4,1.7,0.7,0.2,0.9,4.1,6.1
1629162,226,Jordan McLaughlin,MIN,62,14.5,1.4,3.2,0.44,0.4,1.4,0.318,0.5,0.6,0.75,0.4,1.2,1.5,2.9,0.9,0.2,0.6,3.8,6.7
1630235,227,Trent Forrest,UTA,60,12.8,1.3,2.6,0.49,0.1,0.5,0.185,0.6,0.8,0.792,0.4,1.3,1.7,1.8,0.5,0.1,0.8,3.3,5.0
1630625,228,Dalano Banton,TOR,64,10.9,1.3,3.2,0.411,0.2,0.8,0.255,0.4,0.7,0.591,0.6,1.3,1.9,1.5,0.4,0.2,0.8,3.2,4.3
